Id,mdot_mg_s,n_accepted,n_runs,V_tot_mean,V_tot_std,n_ee_mean,n_ee_std,n_ne_mean,n_ne_std,Te_e_mean,Te_e_std,Ts_mean,Ts_std,n_eo_mean,n_eo_std,n_no_mean,n_no_std,Te_o_mean,Te_o_std,Tw_o_mean,Tw_o_std,n_ek_mean,n_ek_std,n_nk_mean,n_nk_std,Te_k_mean,Te_k_std,Leff_mean,Leff_std,Vp_mean,Vp_std,V_ds_mean,V_ds_std,J_mean,J_std
1.0,0.08,10,14,17.989710201370432,3.0238002866662064,2.3960696608438764e+20,1.1941710544115594e+20,1.921328895048425e+22,1.8004033641016255e+21,1.930525394795162,0.08179216552831992,1743.634354475688,40.816807039887784,4.167700992918719e+19,1.795262535028767e+18,6.17260014565513e+21,1.4579471644922364e+20,3.399671075695808,0.02112354943016389,1830.6102386526807,89.75171526708834,1.886290907489671e+19,8.124909951203423e+17,4.021364899855934e+21,1.8699719713275208e+19,3.278200165549035,0.0038639887639817013,0.001994399641159979,0.0008747468848481763,25.75945397349863,11.538133359288596,4.069871683999976,0.12237323825805013,8.544249153402408e-11,1.2335849968861031e-11
1.0,0.1,10,16,18.389526588267895,3.537073901592967,2.773057347453242e+20,1.484631597316775e+20,2.178361593108901e+22,2.2003968084712932e+21,1.9014945462032,0.08261358456886303,1744.343771737007,31.449953708051456,5.785921327453306e+19,4.2323159001074514e+18,7.688321989789949e+21,1.1841706900450768e+20,3.2134184084569966,0.012381560656609666,1826.7047823394064,68.80728067302283,2.615306830066154e+19,1.8724545034365947e+18,4.998566901974837e+21,4.063195486636651e+19,3.1060287851796766,0.0061217001034922225,0.001930423217530183,0.0011126724781182046,27.998794939916213,13.224553224770293,3.155758696506724,0.15398277523059858,8.782826436885466e-11,6.610432546757547e-12
1.0,0.2,10,11,17.12087236094003,4.040305944240229,2.5545468044547336e+20,1.743380019135866e+20,3.4804825474539712e+22,2.358530268852034e+21,1.7559344935844123,0.0721390310132736,1732.6662873570444,42.166516773633965,1.4393455402615777e+20,1.1386089296236397e+19,1.5074376450212853e+22,2.2387004190508502e+20,2.748788686267962,0.008778875368506233,1879.829716415747,65.28828238564837,6.499335898158352e+19,5.065032735844304e+18,9.916099341660891e+21,9.405643252472429e+19,2.6625213842012814,0.005304728104470614,0.0025971253963644014,0.0016559641940494172,27.836446577129642,17.225791734169256,1.549585157927857,0.0799215393111879,8.478196776812724e-11,1.0904702201996516e-11
1.0,0.4,10,11,16.466074750364793,4.1937931923571385,2.1324465711778542e+20,1.0508380377793135e+20,5.371448942830423e+22,1.1622665844730904e+21,1.6486409332777732,0.04459702046435475,1767.8454879627675,57.60743068736324,3.477184655392612e+20,2.3110189376080503e+19,3.0112479452829074e+22,5.196324393977556e+20,2.3902361823806726,0.007707596101003067,1862.5338083715505,82.93934564643409,1.5661423174220048e+20,1.0155421219244636e+19,1.968776818356391e+22,1.6512266032052332e+20,2.326878172137234,0.0035950138849742603,0.002568256017866158,0.0016746394490052834,19.56781766374612,12.52363967815851,0.7834451785763747,0.03628601953359487,0.0011620761012155428,0.002758645741721519
1.0,0.6,10,13,16.339598986238332,3.5152834815626823,2.8078179728934253e+20,1.4601273778839926e+20,6.800011782830598e+22,1.649794067069149e+21,1.6036583144629133,0.03284542862402274,1732.8814003445636,27.98313241703428,5.6424836481841784e+20,2.4263971537710416e+19,4.574595222605791e+22,6.169557565069205e+20,2.2146467383715147,0.005248523505871251,1806.8753022864735,56.62940233135859,2.5362487623499445e+20,1.0741215286884145e+19,2.949671204255322e+22,1.6284668427238444e+20,2.1650611909452855,0.0020595225918357486,0.0019595214510468484,0.0006105830282604718,28.440145150972022,14.96331112548299,0.5383916876185552,0.015709332397465716,8.30066658668951e-11,1.472796670310587e-11
1.0,0.8,10,13,14.22203160021177,3.926298813127372,2.0123736510049452e+20,1.7267644488164255e+20,8.171291667512812e+22,2.164915173200533e+21,1.5475471828522749,0.04739483439377045,1733.8388684414087,44.06477648586211,7.288708591312526e+20,4.082711297157085e+19,6.060178579908989e+22,1.120883916953874e+21,2.1100780651180178,0.00655900045772067,1858.7795932471286,74.11572566280854,3.2788981499937305e+20,1.8197042884757322e+19,3.970509422086516e+22,2.6481426923221513e+20,2.0594559427372365,0.0022632839351559445,0.003054908292229651,0.001610393864847277,20.29634489572414,14.617701945428754,0.4398024826311637,0.016008459515335537,8.697943390128985e-11,8.520573788341981e-12
1.0,1.0,10,10,14.988198082795128,4.408673419135327,1.3923017756557138e+20,7.064280638177385e+19,9.320544392937031e+22,1.314724164439417e+21,1.514370020518764,0.03943746450121855,1780.72484676575,52.490631287467,9.021097913780627e+20,4.4559936509298704e+19,7.709502622105944e+22,1.9691375644744763e+21,2.0279752632842376,0.00843139067047332,1806.751337398277,104.78826480207181,4.052415315391864e+20,1.954706326276416e+19,4.98932705124674e+22,2.760786392997994e+20,1.9848872902367962,0.0017452901202583805,0.0034920159323516076,0.0018777356530648452,10.65902682963299,4.0861913887602475,0.37143774009899316,0.012484438266444473,4.329224859748038e-07,1.2685327165604276e-06
2.0,0.08,10,12,19.121173533507328,3.157778477304992,4.940667784956834e+20,2.6377094109619015e+20,2.083622385000951e+22,4.055568516987931e+21,1.9018052093686986,0.12093471324087798,1774.5570327709688,44.674455394933,8.162208165043431e+19,5.357478967772694e+18,5.729486172425432e+21,1.3975162307470847e+20,3.4676324589877225,0.02282951644353182,1829.971963235533,77.2275269336483,3.6807870645828755e+19,2.4322174833184056e+18,3.62007168191971e+21,5.2720265459193045e+19,3.3683189921274126,0.012897911860877232,0.002287154344890376,0.001086493896558615,30.516652178182547,13.645581798218718,4.186828367487406,0.16851856112358066,8.547485558936308e-11,8.282057858362694e-12
2.0,0.1,10,11,19.280586158191333,3.8740941823342423,5.687470849097664e+20,3.4416686363505256e+20,2.3659801580198783e+22,5.141394802767304e+21,1.8748335150755762,0.1309677224441243,1764.3664372889448,35.17953288310364,1.1279156037932674e+20,1.0592700050790222e+19,7.017033971218221e+21,1.3362495656780869e+20,3.2884556802414893,0.01591668655633696,1880.7445681567267,59.65602649877422,5.0883355558259835e+19,4.722933023142708e+18,4.4777505164023976e+21,9.626158552449804e+19,3.1911202137731323,0.017110337193623648,0.0024186305604937423,0.0014492713449992321,32.9247227997847,13.452949579654891,3.265495194589114,0.19373602345450017,8.765809771758156e-11,8.505274351362172e-12
2.0,0.2,10,11,17.355752030842517,3.1370233897919566,4.001028338074227e+20,2.4562213180244283e+20,4.164466723254991e+22,3.3435071227020517e+21,1.6954270917185326,0.07253307775533391,1791.8962310028564,66.69592099981313,2.983166046338893e+20,2.27039468924099e+19,1.401821725400469e+22,2.4414939961245948e+20,2.7925811271465473,0.010690584131756102,1789.6535164336062,72.77299713735607,1.3387301935121829e+20,9.99749511588296e+18,8.686116554027043e+21,1.702781142452234e+20,2.7385417423373477,0.011686031055636571,0.00309163031661176,0.0015885002626505858,20.92508934027183,8.752144621174697,1.5286459617262724,0.07288375835071724,3.2172748975498804e-10,5.901791559406464e-10
2.0,0.4,10,12,16.162538425234608,3.0373228354023714,4.419794305497981e+20,2.2806380375856225e+20,6.442906805637703e+22,2.816387712881457e+21,1.591975009978073,0.038268909140824654,1741.8458937212702,33.9336964414734,7.494903440802601e+20,4.0530408340756324e+19,2.7286248326304497e+22,3.692096366943721e+20,2.4356782203254452,0.006327202055904694,1815.294108204122,78.35982560487372,3.359660401712024e+20,1.761333294353875e+19,1.6912555695069513e+22,2.5828755326156908e+20,2.393985473340704,0.006955467182073283,0.0030029365628047103,0.0015116024284344016,30.17341439960062,13.202132281024543,0.7540137152634065,0.027070541546303614,8.693563535734076e-11,1.0639436900415088e-11
2.0,0.6,10,11,15.310216884208847,3.0266413044357576,4.547442504417723e+20,2.8400961825773774e+20,8.211053094698544e+22,3.594626526803162e+21,1.5541979155097083,0.05146872828623781,1774.8169918208037,52.26530068125441,1.24070162655435e+21,7.04480398624774e+19,4.057730672344389e+22,8.83797201877194e+20,2.2624572229537128,0.008830752361288429,1822.0572797576926,81.70486123100443,5.558693537774537e+20,3.122415760459802e+19,2.514978825966967e+22,4.238283077565338e+20,2.226246208708079,0.0066669005331217454,0.0028635391101238723,0.0017055412250910331,23.951082020991784,11.586577198220336,0.5130195655057628,0.01865613007059209,8.175119618197703e-11,1.3265213754049682e-11
2.0,0.8,10,10,15.361048905637933,3.544052644204961,5.1369659953740474e+20,3.1091172765456394e+20,9.697422218457797e+22,3.930688294472086e+21,1.532273182387526,0.05211666848589915,1782.352708809754,58.45352416306392,1.7351376671906894e+21,1.0706210358536764e+20,5.475432308171413e+22,9.392181114741342e+20,2.14668082277191,0.006274235903647903,1768.1171526554986,79.04091266192097,7.762589544743131e+20,4.700490635274368e+19,3.3528802880083624e+22,6.10381545096275e+20,2.118336824995476,0.006503165150275235,0.002560397337678745,0.0016695696284320777,24.711636684309468,13.075979479816198,0.3962627309864129,0.016250905568639902,8.49539453505067e-11,9.737649105076215e-12
2.0,1.0,10,12,16.77072096336826,2.875834969648354,5.6032279958107967e+20,2.9760187980166044e+20,1.105479979037108e+23,3.4527861237930745e+21,1.5039436572877192,0.040461293394566826,1777.4852904934978,57.02509522930984,2.1293246958379705e+21,1.0231008771058542e+20,6.8573390410989066e+22,1.1605818477256585e+21,2.0670852835467297,0.005796313339581439,1804.6739288845838,83.42158798156309,9.534251657300859e+20,4.470094521488159e+19,4.2544275662239775e+22,5.655921983908778e+20,2.036367356275573,0.004413823410620283,0.0024018423303571656,0.0014308541277032925,28.826943438853487,13.684821316883534,0.33682648131280535,0.010723801288656628,9.062351775431988e-11,6.305942279997963e-12
3.0,0.08,10,12,17.45005627225268,2.5283789411952453,4.401518826579954e+20,2.7166524747392945e+20,2.540510596259293e+22,3.8374639223741654e+21,1.8033827114908072,0.09164482353697305,1809.7073822922944,72.86930711194722,1.1323716188187745e+20,6.706003846380735e+18,5.352948511434292e+21,1.0035197449015101e+20,3.5317650249569477,0.017910925831278825,1856.7583311929375,83.4391827504276,5.0944497038537466e+19,2.925934594133028e+18,3.320329390652816e+21,6.0070981642213564e+19,3.4460441646742455,0.01691049133343964,0.0035794243490020333,0.001621345551584621,20.798151703729598,13.050667010813369,4.462999560258807,0.16516895875580495,8.267868185853103e-11,9.44559378337686e-12
3.0,0.1,10,11,19.214119940946762,2.6085339150797457,6.612524105871951e+20,3.1921259050770576e+20,2.676262018062124e+22,4.25728854966666e+21,1.8068177384001243,0.0797613953640388,1797.9317700963315,55.97280169990715,1.6208995933106464e+20,8.129991099330242e+18,6.567561320140033e+21,1.3962431193956304e+20,3.344975645470579,0.018479109104966588,1855.00533364771,91.30250904453136,7.281299591263373e+19,3.5565575224256865e+18,4.043030474735324e+21,6.825121574106458e+19,3.2738885390243233,0.014039995606192185,0.0028729516971398973,0.00160532780085496,31.15839598252657,17.476442322637876,3.3873039891652597,0.11056648254213716,8.060179858229011e-11,1.4963078858663018e-11
3.0,0.2,10,10,16.835408132100298,1.886847517841875,6.671432155757018e+20,2.9319470387957642e+20,4.4531693521645005e+22,4.0079418314001775e+21,1.6904719279063491,0.07093733595520291,1792.1751263763435,72.19021902128486,4.517165960484104e+20,2.6346340608558846e+19,1.2439417107929652e+22,2.581578586354834e+20,2.867625127952833,0.01335494521530598,1873.5948236024046,52.08430533043307,2.0235964969014346e+20,1.1660821208761238e+19,7.566233849273956e+21,1.8171063474107033e+20,2.8223242544791485,0.014992338824306176,0.0028316861909853477,0.0017191078177847098,27.779079135881155,9.732258417534593,1.5442674839627537,0.056453156035142685,8.755625431197528e-11,1.263425164283476e-11
3.0,0.4,10,14,15.458634600668248,2.7417440942917155,5.784973015598892e+20,2.9389909735480246e+20,7.157934844892363e+22,3.5854496374575863e+21,1.5687981589323325,0.04208917615947099,1780.536617962403,54.049018245392936,1.1882911569649184e+21,3.9796360018970804e+19,2.388487338284368e+22,5.575752801528347e+20,2.4998644447174234,0.011569071288998773,1840.6054205448115,80.1658213779795,5.307513851484753e+20,1.779945529429102e+19,1.4221510858659739e+22,2.3069414267931024e+20,2.4752134024497714,0.007827536718060326,0.0031335495075215936,0.0014745185570484462,26.551932511776464,13.33132084158129,0.7386183843850341,0.015310402568115666,8.337136093755007e-11,6.937315827558827e-12
3.0,0.6,10,11,15.754970133304207,2.190146671669484,6.098279936624242e+20,3.0442564353700915e+20,9.19089154891757e+22,3.785555893395518e+21,1.5167644348235938,0.035814287970069775,1768.939033999385,40.03559697559161,1.9988706102423422e+21,8.076959713609309e+19,3.5418500076188385e+22,7.194977669171165e+20,2.3190573481449372,0.008675949659915605,1810.77474636755,101.6577355620338,8.916297657398134e+20,3.4842029237141443e+19,2.0880920466035734e+22,4.1151576032305394e+20,2.301973567098391,0.0083104422811367,0.0031705729531121816,0.001288509110410943,27.083646601499346,7.650643345830034,0.49686738858803514,0.013113043019471278,7.463494171689561e-11,1.7325670900206315e-11
3.0,0.8,10,12,14.133549318446333,2.2498628849760967,3.794822615351941e+20,2.225391688741495e+20,1.1137236709946528e+23,2.702462557834846e+21,1.4694218683113458,0.03609499986183665,1815.1688929877928,72.18565582591661,2.7173033145718806e+21,1.0913496556078662e+20,4.73294351778052e+22,6.938421766652787e+20,2.2014641829805823,0.005700522038516852,1839.341038686295,66.48571703381127,1.213033706622709e+21,4.746553619028565e+19,2.8207717879872448e+22,5.349172368871876e+20,2.181943648621549,0.007316659340692483,0.004027867380201062,0.0015219155008151014,16.078972246302577,11.17525044845965,0.39106459620357326,0.009729714580499049,8.41741304495344e-11,1.3193599750470403e-11
3.0,1.0,10,13,16.501405420116168,4.853400398925496,6.143480586442894e+20,3.174932295185059e+20,1.245192851204865e+23,4.1876424953220306e+21,1.469626743732661,0.04951311871740931,1818.7792025805763,84.04034314517801,3.5069828761282056e+21,1.7385391344170913e+20,5.938948863402846e+22,1.33317980920253e+21,2.1173109718544425,0.008028882437961222,1823.5249201360707,98.83090866348952,1.5649711196458556e+21,7.579357942792733e+19,3.5310341197836983e+22,8.30549020324581e+20,2.1000349752700913,0.00833226236562827,0.0033786482582087484,0.001979366451713871,21.660014727022705,12.965934013672314,0.32159161296208166,0.010133027228381568,1.1410111084564561e-09,3.157543113870511e-09
